{
    "class_names": [
        "1Walking",
        "2WalkingUp",
        "3WalkingDo",
        "4Sitting",
        "5Standing",
        "6Laying"
    ],
    "commit": "253a11b",
    "compilation_date": "2020-12-03T13:52:13.837000",
    "compilation_flags": {
        "float_abi": "soft",
        "fshort_enums": false,
        "short_wchar": false
    },
    "compilation_str": "{'compilation_dict':{'compilation_type':'classifier','mcu':'cortex-m4','sensor':'acc3','data':{'nb_cols':384,'nb_lines':[[1226,1073,986,1286,1374,1407]]},'compilation_flags':{'float_abi':'soft','short_wchar':false,'fshort_enums':false},'performance':{'precision':0.89945,'confidence':0.89595,'estimated_ram':2008.0},'lib_version':'253a11b','api':{'version':'v3'},'only_emulators':false,'version':{'web_api':{'version':'v3'},'local_api':{'version':'2020.11.27.0','platform':'unix'},'studio':'2.0.0'},'class_names':'1Walking,2WalkingUp,3WalkingDo,4Sitting,5Standing,6Laying','combination':[55,28,0.8198,64,0.1926,128,1,0.595,1,3,6,43,1,0,0,1]},'sign':22010,'license_key':'***'}",
    "compilation_type": "classifier",
    "data": {
        "nb_cols": 384,
        "nb_lines": [
            [
                1226,
                1073,
                986,
                1286,
                1374,
                1407
            ]
        ]
    },
    "gcc_version": "arm-none-eabi-gcc (GNU Tools for Arm Embedded Processors 9-2019-q4-major) 9.2.1 20191025 (release) [ARM/arm-9-branch revision 277599]",
    "lib_limited": false,
    "library_id": "5fc8ed8a732fce60c9da6702",
    "library_md5sum": "642a4caf636ec40cc8369015d91ffa13",
    "mcu": "cortex-m4",
    "mcu_brand": null,
    "mcu_name": null,
    "mcu_type": "cortex-m4",
    "only_emulators": false,
    "performance": {
        "confidence": 0.89595,
        "estimated_ram": 2008.0,
        "precision": 0.89945
    },
    "sensor": "acc3"
}